<?xml version="1.0" encoding="UTF-8" standalone="yes" ?>
<Root>
   <Type>"MMVII_Serialization"</Type>
   <Version>"0.0.0"</Version>
   <Data>
      <TS1>
         <TS0>
            <P1>double double</P1> <!--This is P1-->
            <I1>int</I1>
            <R4>double</R4>
            <P2>double double</P2>
         </TS0> <!--This is TS0-->
         <S>std::string</S>
         <P3>double double</P3>
         <LI>
            <el>int</el>
         </LI>
         <VD>
            <el>double</el>
         </VD>
         <Opt:O2>double double</Opt:O2>
      </TS1>
   </Data>
</Root>
