<?xml version="1.0" encoding="ISO8859-1" standalone="yes" ?>
<Root>
   <Type>"MMVII_Serialization"</Type>
   <Version>"0.0.0"</Version>
   <Data>
      <BitEncoding>
         <Specifs>
            <Type>"CERN"</Type>
            <NbBits>14</NbBits>
            <FreqCircEq>14</FreqCircEq>
            <MinHammingD>1</MinHammingD>
            <UseHammingCode>0</UseHammingCode>
            <MaxRunL>1000 1000</MaxRunL>
            <Parity>2</Parity>
            <MaxNb>1000</MaxNb>
            <Base4N>10</Base4N>
            <Computed>
               <Prefix>"CERN_Nbb14_Freq14_Hamm1_Run1000_1000"</Prefix>
               <NbDigit>3</NbDigit>
               <MaxNum>516</MaxNum>
               <MaxLowCode>8127</MaxLowCode>
               <MaxCodeEqui>16380</MaxCodeEqui>
            </Computed>
         </Specifs>
         <Encoding>
            <el>
               <NumCode>1 129</NumCode>
               <Name>"001"</Name> <!--10000001000000-->
            </el>
            <el>
               <NumCode>2 135</NumCode>
               <Name>"002"</Name> <!--11100001000000-->
            </el>
            <el>
               <NumCode>3 139</NumCode>
               <Name>"003"</Name> <!--11010001000000-->
            </el>
            <el>
               <NumCode>4 141</NumCode>
               <Name>"004"</Name> <!--10110001000000-->
            </el>
            <el>
               <NumCode>5 147</NumCode>
               <Name>"005"</Name> <!--11001001000000-->
            </el>
            <el>
               <NumCode>6 149</NumCode>
               <Name>"006"</Name> <!--10101001000000-->
            </el>
            <el>
               <NumCode>7 153</NumCode>
               <Name>"007"</Name> <!--10011001000000-->
            </el>
         </Encoding>
      </BitEncoding>
   </Data>
</Root>
